Nome do Arquivo,Status,Nos Explorados,Limitante Dual,Melhor Resultado,Gap (%)
./instancias/d201600.in,Not Solved,30787.0,-97822.06228218011,-97843.0,0.021399300736784425
./instancias/d401600.in,Not Solved,23762.0,-97105.00000000004,-97233.0,0.13164254934019967
./instancias/d60900.in,Not Solved,29410.0,-54551.000000000146,-54737.0,0.3398067120957569
./instancias/d801600.in,Not Solved,7458.0,-97034.00000000004,-97277.0,0.2498021114959922
./instancias/e60900.in,Not Solved,7484.0,-100143.06956620839,-100237.0,0.09370834501392798
./instancias/e801600.in,Not Solved,1.0,-176785.0,-177563.0,0.43815434521831687
